{
    "start": "2025-11-30T19:05:00.702681",
    "num_accelerators": 4,
    "num_hosts": 1,
    "hostname": "sdumont2nd3007",
    "metric": {
        "save_checkpoint_io_mean_GB_per_second": 0.0014460565828752843,
        "save_checkpoint_io_stdev_GB_per_second": 0.0,
        "save_checkpoint_duration_mean_seconds": 0.006595,
        "save_checkpoint_duration_stdev_seconds": 0.0,
        "checkpoint_size_GB": 9.5367431640625e-06,
        "train_au_percentage": [
            20.168131334212774,
            19.96926159797414,
            19.88605650557043,
            19.936138691313708,
            19.891295057587534
        ],
        "train_au_mean_percentage": 19.97017663733172,
        "train_au_meet_expectation": "fail",
        "train_au_stdev_percentage": 0.10357990275521212,
        "train_throughput_samples_per_second": [
            13.972011032859657,
            13.83342288657433,
            13.77589271486801,
            13.810456036405947,
            13.747418628406201
        ],
        "train_throughput_mean_samples_per_second": 13.82784025982283,
        "train_throughput_stdev_samples_per_second": 0.07782644148338766,
        "train_io_mean_MB_per_second": 1933.2600269066907,
        "train_io_stdev_MB_per_second": 10.880856701345332,
        "eval_au_percentage": [
            0.0,
            0.0,
            0.0,
            0.0,
            0.0,
            0.0,
            0.0,
            0.0,
            0.0,
            0.0,
            0.0,
            0.0,
            0.0,
            0.0,
            0.0,
            0.0,
            0.0,
            0.0,
            0.0,
            0.0
        ],
        "eval_au_mean_percentage": 0.0,
        "eval_au_meet_expectation": "fail",
        "eval_au_stdev_percentage": 0.0,
        "eval_throughput_samples_per_second": [
            0.0,
            0.0,
            0.0,
            0.0,
            0.0,
            0.0,
            0.0,
            0.0,
            0.0,
            0.0,
            0.0,
            0.0,
            0.0,
            0.0,
            0.0,
            0.0,
            0.0,
            0.0,
            0.0,
            0.0
        ],
        "eval_throughput_mean_samples_per_second": 0.0,
        "eval_throughput_stdev_samples_per_second": 0.0,
        "eval_io_mean_MB_per_second": 0.0,
        "eval_io_stdev_MB_per_second": 0.0
    },
    "num_files_train": 168,
    "num_files_eval": 0,
    "num_samples_per_file": 1,
    "host_cpu_count": [
        288
    ],
    "host_processor_name": "aarch64",
    "potential_caching": [
        1
    ],
    "host_cpuinfo": {
        "BogoMIPS": "2000.00",
        "Features": "fp asimd evtstrm aes pmull sha1 sha2 crc32 atomics fphp asimdhp cpuid asimdrdm jscvt fcma lrcpc dcpop sha3 sm3 sm4 asimddp sha512 sve asimdfhm dit uscat ilrcpc flagm ssbs sb dcpodp sve2 sveaes svepmull svebitperm svesha3 svesm4 flagm2 frint svei8mm svebf16 i8mm bf16 dgh",
        "CPU implementer": "0x41",
        "CPU architecture": "8",
        "CPU variant": "0x0",
        "CPU part": "0xd4f",
        "CPU revision": "0"
    },
    "host_meminfo": {
        "MemTotal": "898883328 kB",
        "MemFree": "733675008 kB",
        "MemAvailable": "806484992 kB",
        "Buffers": "649792 kB",
        "Cached": "141239424 kB",
        "SwapCached": "0 kB",
        "Active": "5075072 kB",
        "Inactive": "140780096 kB",
        "Active(anon)": "4200320 kB",
        "Inactive(anon)": "0 kB",
        "Active(file)": "874752 kB",
        "Inactive(file)": "140780096 kB",
        "Unevictable": "3072 kB",
        "Mlocked": "0 kB",
        "SwapTotal": "0 kB",
        "SwapFree": "0 kB",
        "Zswap": "0 kB",
        "Zswapped": "0 kB",
        "Dirty": "1664 kB",
        "Writeback": "0 kB",
        "AnonPages": "3988544 kB",
        "Mapped": "634304 kB",
        "Shmem": "234304 kB",
        "KReclaimable": "598464 kB",
        "Slab": "5770944 kB",
        "SReclaimable": "598464 kB",
        "SUnreclaim": "5172480 kB",
        "KernelStack": "240768 kB",
        "PageTables": "25792 kB",
        "SecPageTables": "0 kB",
        "NFS_Unstable": "0 kB",
        "Bounce": "0 kB",
        "WritebackTmp": "0 kB",
        "CommitLimit": "449441664 kB",
        "Committed_AS": "8438144 kB",
        "VmallocTotal": "137168158720 kB",
        "VmallocUsed": "821056 kB",
        "VmallocChunk": "0 kB",
        "Percpu": "1640448 kB",
        "HardwareCorrupted": "0 kB",
        "AnonHugePages": "0 kB",
        "ShmemHugePages": "0 kB",
        "ShmemPmdMapped": "0 kB",
        "FileHugePages": "0 kB",
        "FilePmdMapped": "0 kB",
        "CmaTotal": "0 kB",
        "CmaFree": "0 kB",
        "HugePages_Total": "0",
        "HugePages_Free": "0",
        "HugePages_Rsvd": "0",
        "HugePages_Surp": "0",
        "Hugepagesize": "524288 kB",
        "Hugetlb": "0 kB"
    },
    "host_memory_GB": [
        857.241943359375
    ],
    "data_size_per_host_GB": 22.93745568394661,
    "epochs": 5,
    "end": "2025-11-30T19:06:58.513870"
}