{
    "start": "2025-10-07T11:17:01.775919",
    "num_accelerators": 2,
    "num_hosts": 1,
    "hostname": "sdumont2nd3007",
    "metric": {
        "train_au_percentage": [
            99.93894070531687,
            99.92198178972143,
            99.94104149396412,
            99.94263371838494,
            99.94194892425745,
            99.94219197918575,
            99.9419641288119,
            99.93874755088619,
            99.94344086261302,
            99.94423616666589
        ],
        "train_au_mean_percentage": 99.93971273198075,
        "train_au_meet_expectation": "success",
        "train_au_stdev_percentage": 0.006138306873686688,
        "train_throughput_samples_per_second": [
            6.845909645576059,
            6.8448804554647795,
            6.846187723123283,
            6.8463001715089185,
            6.846249418090368,
            6.846255586598894,
            6.846261291514905,
            6.846031747058865,
            6.846355580190222,
            6.846409361812969
        ],
        "train_throughput_mean_samples_per_second": 6.846084098093927,
        "train_throughput_stdev_samples_per_second": 0.0004250872016974223,
        "train_io_mean_MB_per_second": 0.026742516008179402,
        "train_io_stdev_MB_per_second": 1.660496881630556e-06,
        "eval_au_percentage": [
            49.93876181350669,
            49.93790612573395,
            49.94681689690472,
            49.947355832066535,
            49.94770431126165,
            49.94749814379767,
            49.94778361925186,
            49.94758527445204,
            49.93758933225581,
            49.94646815100835,
            49.94705433845918,
            49.94200798137658,
            49.95052429338095,
            49.95111894237349,
            49.952124799131965,
            49.951887339279445,
            49.95017595454448,
            49.95111851590643,
            49.95162575993719,
            49.95130076914645
        ],
        "eval_au_mean_percentage": 49.94722040968877,
        "eval_au_meet_expectation": "fail",
        "eval_au_stdev_percentage": 0.004537077544979639,
        "eval_throughput_samples_per_second": [
            1.9017700845453274,
            1.992978988282475,
            1.9936015921039325,
            1.9936473139878637,
            1.9932633626942937,
            1.9931376217851164,
            1.9936603439242626,
            1.9936802445194701,
            1.9933268311739138,
            1.9935928270082304,
            1.8509097440201723,
            1.993131465387176,
            1.9936913795496505,
            1.9937070161849801,
            1.993716256130239,
            1.993435305320088,
            1.9937058315828076,
            1.9938126883621878,
            1.9937735930897982,
            1.9937093853935484
        ],
        "eval_throughput_mean_samples_per_second": 1.9818125937522768,
        "eval_throughput_stdev_samples_per_second": 0.03606630135932238,
        "eval_io_mean_MB_per_second": 0.007741455444344831,
        "eval_io_stdev_MB_per_second": 0.00014088398968485304
    },
    "num_files_train": 64,
    "num_files_eval": 8,
    "num_samples_per_file": 1,
    "host_cpu_count": [
        288
    ],
    "host_processor_name": "aarch64",
    "potential_caching": [
        1
    ],
    "host_cpuinfo": {
        "BogoMIPS": "2000.00",
        "Features": "fp asimd evtstrm aes pmull sha1 sha2 crc32 atomics fphp asimdhp cpuid asimdrdm jscvt fcma lrcpc dcpop sha3 sm3 sm4 asimddp sha512 sve asimdfhm dit uscat ilrcpc flagm ssbs sb dcpodp sve2 sveaes svepmull svebitperm svesha3 svesm4 flagm2 frint svei8mm svebf16 i8mm bf16 dgh",
        "CPU implementer": "0x41",
        "CPU architecture": "8",
        "CPU variant": "0x0",
        "CPU part": "0xd4f",
        "CPU revision": "0"
    },
    "host_meminfo": {
        "MemTotal": "898883328 kB",
        "MemFree": "845003968 kB",
        "MemAvailable": "821908352 kB",
        "Buffers": "1162240 kB",
        "Cached": "28017920 kB",
        "SwapCached": "0 kB",
        "Active": "3005120 kB",
        "Inactive": "28116672 kB",
        "Active(anon)": "2174592 kB",
        "Inactive(anon)": "320 kB",
        "Active(file)": "830528 kB",
        "Inactive(file)": "28116352 kB",
        "Unevictable": "3072 kB",
        "Mlocked": "0 kB",
        "SwapTotal": "0 kB",
        "SwapFree": "0 kB",
        "Zswap": "0 kB",
        "Zswapped": "0 kB",
        "Dirty": "1728 kB",
        "Writeback": "0 kB",
        "AnonPages": "1947520 kB",
        "Mapped": "627904 kB",
        "Shmem": "233280 kB",
        "KReclaimable": "729024 kB",
        "Slab": "6941696 kB",
        "SReclaimable": "729024 kB",
        "SUnreclaim": "6212672 kB",
        "KernelStack": "235968 kB",
        "PageTables": "17216 kB",
        "SecPageTables": "0 kB",
        "NFS_Unstable": "0 kB",
        "Bounce": "0 kB",
        "WritebackTmp": "0 kB",
        "CommitLimit": "449441664 kB",
        "Committed_AS": "3948096 kB",
        "VmallocTotal": "137168158720 kB",
        "VmallocUsed": "818816 kB",
        "VmallocChunk": "0 kB",
        "Percpu": "1677312 kB",
        "HardwareCorrupted": "0 kB",
        "AnonHugePages": "0 kB",
        "ShmemHugePages": "0 kB",
        "ShmemPmdMapped": "0 kB",
        "FileHugePages": "0 kB",
        "FilePmdMapped": "0 kB",
        "CmaTotal": "0 kB",
        "CmaFree": "0 kB",
        "HugePages_Total": "0",
        "HugePages_Free": "0",
        "HugePages_Rsvd": "0",
        "HugePages_Surp": "0",
        "Hugepagesize": "524288 kB",
        "Hugetlb": "0 kB"
    },
    "host_memory_GB": [
        857.241943359375
    ],
    "data_size_per_host_GB": 0.000244140625,
    "epochs": 10,
    "end": "2025-10-07T11:18:42.335270"
}