{
    "start": "2025-11-30T18:56:06.921817",
    "num_accelerators": 4,
    "num_hosts": 1,
    "hostname": "sdumont2nd3007",
    "metric": {
        "save_checkpoint_io_mean_GB_per_second": 0.0010275555612609094,
        "save_checkpoint_io_stdev_GB_per_second": 0.0,
        "save_checkpoint_duration_mean_seconds": 0.009281,
        "save_checkpoint_duration_stdev_seconds": 0.0,
        "checkpoint_size_GB": 9.5367431640625e-06,
        "train_au_percentage": [
            19.79024741069032,
            19.774403700101054,
            19.853588655744183,
            19.892549212672982,
            19.853768858369662
        ],
        "train_au_mean_percentage": 19.83291156751564,
        "train_au_meet_expectation": "fail",
        "train_au_stdev_percentage": 0.04396047794624521,
        "train_throughput_samples_per_second": [
            13.709465600500465,
            13.698352388550813,
            13.753282778971567,
            13.780135295460143,
            13.75263763183915
        ],
        "train_throughput_mean_samples_per_second": 13.738774739064429,
        "train_throughput_stdev_samples_per_second": 0.030352432086410606,
        "train_io_mean_MB_per_second": 7034.252666400987,
        "train_io_stdev_MB_per_second": 15.54044522824223,
        "eval_au_percentage": [
            0.0,
            0.0,
            0.0,
            0.0,
            0.0,
            0.0,
            0.0,
            0.0,
            0.0,
            0.0,
            0.0,
            0.0,
            0.0,
            0.0,
            0.0,
            0.0,
            0.0,
            0.0,
            0.0,
            0.0
        ],
        "eval_au_mean_percentage": 0.0,
        "eval_au_meet_expectation": "fail",
        "eval_au_stdev_percentage": 0.0,
        "eval_throughput_samples_per_second": [
            0.0,
            0.0,
            0.0,
            0.0,
            0.0,
            0.0,
            0.0,
            0.0,
            0.0,
            0.0,
            0.0,
            0.0,
            0.0,
            0.0,
            0.0,
            0.0,
            0.0,
            0.0,
            0.0,
            0.0
        ],
        "eval_throughput_mean_samples_per_second": 0.0,
        "eval_throughput_stdev_samples_per_second": 0.0,
        "eval_io_mean_MB_per_second": 0.0,
        "eval_io_stdev_MB_per_second": 0.0
    },
    "num_files_train": 168,
    "num_files_eval": 0,
    "num_samples_per_file": 1,
    "host_cpu_count": [
        288
    ],
    "host_processor_name": "aarch64",
    "potential_caching": [
        1
    ],
    "host_cpuinfo": {
        "BogoMIPS": "2000.00",
        "Features": "fp asimd evtstrm aes pmull sha1 sha2 crc32 atomics fphp asimdhp cpuid asimdrdm jscvt fcma lrcpc dcpop sha3 sm3 sm4 asimddp sha512 sve asimdfhm dit uscat ilrcpc flagm ssbs sb dcpodp sve2 sveaes svepmull svebitperm svesha3 svesm4 flagm2 frint svei8mm svebf16 i8mm bf16 dgh",
        "CPU implementer": "0x41",
        "CPU architecture": "8",
        "CPU variant": "0x0",
        "CPU part": "0xd4f",
        "CPU revision": "0"
    },
    "host_meminfo": {
        "MemTotal": "898883328 kB",
        "MemFree": "733602816 kB",
        "MemAvailable": "806408128 kB",
        "Buffers": "648512 kB",
        "Cached": "141227968 kB",
        "SwapCached": "0 kB",
        "Active": "5063104 kB",
        "Inactive": "140775616 kB",
        "Active(anon)": "4188352 kB",
        "Inactive(anon)": "0 kB",
        "Active(file)": "874752 kB",
        "Inactive(file)": "140775616 kB",
        "Unevictable": "3072 kB",
        "Mlocked": "0 kB",
        "SwapTotal": "0 kB",
        "SwapFree": "0 kB",
        "Zswap": "0 kB",
        "Zswapped": "0 kB",
        "Dirty": "197376 kB",
        "Writeback": "55488 kB",
        "AnonPages": "3967232 kB",
        "Mapped": "634304 kB",
        "Shmem": "226112 kB",
        "KReclaimable": "598080 kB",
        "Slab": "5769792 kB",
        "SReclaimable": "598080 kB",
        "SUnreclaim": "5171712 kB",
        "KernelStack": "241088 kB",
        "PageTables": "25280 kB",
        "SecPageTables": "0 kB",
        "NFS_Unstable": "0 kB",
        "Bounce": "0 kB",
        "WritebackTmp": "0 kB",
        "CommitLimit": "449441664 kB",
        "Committed_AS": "8422656 kB",
        "VmallocTotal": "137168158720 kB",
        "VmallocUsed": "822208 kB",
        "VmallocChunk": "0 kB",
        "Percpu": "1640448 kB",
        "HardwareCorrupted": "0 kB",
        "AnonHugePages": "0 kB",
        "ShmemHugePages": "0 kB",
        "ShmemPmdMapped": "0 kB",
        "FileHugePages": "0 kB",
        "FilePmdMapped": "0 kB",
        "CmaTotal": "0 kB",
        "CmaFree": "0 kB",
        "HugePages_Total": "0",
        "HugePages_Free": "0",
        "HugePages_Rsvd": "0",
        "HugePages_Surp": "0",
        "Hugepagesize": "524288 kB",
        "Hugetlb": "0 kB"
    },
    "host_memory_GB": [
        857.241943359375
    ],
    "data_size_per_host_GB": 84.0,
    "epochs": 5,
    "end": "2025-11-30T18:58:04.720434"
}