{
    "start": "2025-08-27T12:18:31.258865",
    "num_accelerators": 6,
    "num_hosts": 1,
    "hostname": "tupi4",
    "metric": {
        "save_checkpoint_io_mean_GB_per_second": 0.0012540096205210388,
        "save_checkpoint_io_stdev_GB_per_second": 0.0,
        "save_checkpoint_duration_mean_seconds": 0.007605,
        "save_checkpoint_duration_stdev_seconds": 0.0,
        "checkpoint_size_GB": 9.5367431640625e-06,
        "train_au_percentage": [
            82.15965968559136,
            85.7977714730193,
            76.59883392044442,
            86.87808398246962,
            85.7087212129526
        ],
        "train_au_mean_percentage": 83.42861405489546,
        "train_au_meet_expectation": "fail",
        "train_au_stdev_percentage": 3.7674070706954694,
        "train_throughput_samples_per_second": [
            71.1827827571432,
            74.33227340911915,
            66.36435867832456,
            75.26979169629155,
            74.25479419604608
        ],
        "train_throughput_mean_samples_per_second": 72.28080014738491,
        "train_throughput_stdev_samples_per_second": 3.2634088733496363,
        "train_io_mean_MB_per_second": 10105.524724911804,
        "train_io_stdev_MB_per_second": 456.2547590769092,
        "eval_au_percentage": [
            0.0,
            0.0,
            0.0,
            0.0,
            0.0,
            0.0,
            0.0,
            0.0,
            0.0,
            0.0,
            0.0,
            0.0,
            0.0,
            0.0,
            0.0,
            0.0,
            0.0,
            0.0,
            0.0,
            0.0,
            0.0,
            0.0,
            0.0,
            0.0,
            0.0,
            0.0,
            0.0,
            0.0,
            0.0,
            0.0
        ],
        "eval_au_mean_percentage": 0.0,
        "eval_au_meet_expectation": "fail",
        "eval_au_stdev_percentage": 0.0,
        "eval_throughput_samples_per_second": [
            0.0,
            0.0,
            0.0,
            0.0,
            0.0,
            0.0,
            0.0,
            0.0,
            0.0,
            0.0,
            0.0,
            0.0,
            0.0,
            0.0,
            0.0,
            0.0,
            0.0,
            0.0,
            0.0,
            0.0,
            0.0,
            0.0,
            0.0,
            0.0,
            0.0,
            0.0,
            0.0,
            0.0,
            0.0,
            0.0
        ],
        "eval_throughput_mean_samples_per_second": 0.0,
        "eval_throughput_stdev_samples_per_second": 0.0,
        "eval_io_mean_MB_per_second": 0.0,
        "eval_io_stdev_MB_per_second": 0.0
    },
    "num_files_train": 168,
    "num_files_eval": 0,
    "num_samples_per_file": 1,
    "host_cpu_count": [
        32
    ],
    "host_processor_name": "",
    "potential_caching": [
        1
    ],
    "host_cpuinfo": {
        "vendor_id": "GenuineIntel",
        "cpu family": "6",
        "model": "183",
        "model name": "Intel(R) Core(TM) i9-14900KF",
        "stepping": "1",
        "microcode": "0x12c",
        "cpu MHz": "3199.991",
        "cache size": "36864 KB",
        "physical id": "0",
        "siblings": "32",
        "core id": "47",
        "cpu cores": "24",
        "apicid": "94",
        "initial apicid": "94",
        "fpu": "yes",
        "fpu_exception": "yes",
        "cpuid level": "32",
        "wp": "yes",
        "flags": "fpu vme de pse tsc msr pae mce cx8 apic sep mtrr pge mca cmov pat pse36 clflush dts acpi mmx fxsr sse sse2 ss ht tm pbe syscall nx pdpe1gb rdtscp lm constant_tsc art arch_perfmon pebs bts rep_good nopl xtopology nonstop_tsc cpuid aperfmperf tsc_known_freq pni pclmulqdq dtes64 monitor ds_cpl vmx est tm2 ssse3 sdbg fma cx16 xtpr pdcm sse4_1 sse4_2 x2apic movbe popcnt tsc_deadline_timer aes xsave avx f16c rdrand lahf_lm abm 3dnowprefetch cpuid_fault ssbd ibrs ibpb stibp ibrs_enhanced tpr_shadow vnmi flexpriority ept vpid ept_ad fsgsbase tsc_adjust bmi1 avx2 smep bmi2 erms invpcid rdseed adx smap clflushopt clwb intel_pt sha_ni xsaveopt xsavec xgetbv1 xsaves split_lock_detect avx_vnni dtherm ida arat pln pts hwp hwp_notify hwp_act_window hwp_epp hwp_pkg_req hfi umip pku ospke waitpkg gfni vaes vpclmulqdq rdpid movdiri movdir64b fsrm md_clear serialize arch_lbr ibt flush_l1d arch_capabilities",
        "vmx flags": "vnmi preemption_timer posted_intr invvpid ept_x_only ept_ad ept_1gb flexpriority apicv tsc_offset vtpr mtf vapic ept vpid unrestricted_guest vapic_reg vid ple shadow_vmcs ept_mode_based_exec tsc_scaling usr_wait_pause",
        "bugs": "spectre_v1 spectre_v2 spec_store_bypass swapgs eibrs_pbrsb rfds bhi",
        "bogomips": "6374.40",
        "clflush size": "64",
        "cache_alignment": "64",
        "address sizes": "39 bits physical, 48 bits virtual",
        "power management": ""
    },
    "host_meminfo": {
        "MemTotal": "131723088 kB",
        "MemFree": "85562460 kB",
        "MemAvailable": "126596236 kB",
        "Buffers": "176360 kB",
        "Cached": "40864524 kB",
        "SwapCached": "0 kB",
        "Active": "26372164 kB",
        "Inactive": "17893580 kB",
        "Active(anon)": "720 kB",
        "Inactive(anon)": "3234444 kB",
        "Active(file)": "26371444 kB",
        "Inactive(file)": "14659136 kB",
        "Unevictable": "11124 kB",
        "Mlocked": "11124 kB",
        "SwapTotal": "0 kB",
        "SwapFree": "0 kB",
        "Zswap": "0 kB",
        "Zswapped": "0 kB",
        "Dirty": "124 kB",
        "Writeback": "0 kB",
        "AnonPages": "3232324 kB",
        "Mapped": "782748 kB",
        "Shmem": "1456 kB",
        "KReclaimable": "1259296 kB",
        "Slab": "1526884 kB",
        "SReclaimable": "1259296 kB",
        "SUnreclaim": "267588 kB",
        "KernelStack": "11712 kB",
        "PageTables": "25812 kB",
        "SecPageTables": "0 kB",
        "NFS_Unstable": "0 kB",
        "Bounce": "0 kB",
        "WritebackTmp": "0 kB",
        "CommitLimit": "65861544 kB",
        "Committed_AS": "15039836 kB",
        "VmallocTotal": "34359738367 kB",
        "VmallocUsed": "137444 kB",
        "VmallocChunk": "0 kB",
        "Percpu": "18048 kB",
        "HardwareCorrupted": "0 kB",
        "AnonHugePages": "768000 kB",
        "ShmemHugePages": "0 kB",
        "ShmemPmdMapped": "0 kB",
        "FileHugePages": "0 kB",
        "FilePmdMapped": "0 kB",
        "HugePages_Total": "0",
        "HugePages_Free": "0",
        "HugePages_Rsvd": "0",
        "HugePages_Surp": "0",
        "Hugepagesize": "2048 kB",
        "Hugetlb": "0 kB",
        "DirectMap4k": "2665328 kB",
        "DirectMap2M": "76849152 kB",
        "DirectMap1G": "56623104 kB"
    },
    "host_memory_GB": [
        125.62092590332031
    ],
    "data_size_per_host_GB": 22.93745568394661,
    "epochs": 5,
    "end": "2025-08-27T12:18:47.723855"
}