{
    "start": "2025-10-07T11:23:04.858946",
    "num_accelerators": 6,
    "num_hosts": 1,
    "hostname": "sdumont2nd3007",
    "metric": {
        "save_checkpoint_io_mean_GB_per_second": 0.0012868362115858183,
        "save_checkpoint_io_stdev_GB_per_second": 0.0,
        "save_checkpoint_duration_mean_seconds": 0.007411,
        "save_checkpoint_duration_stdev_seconds": 0.0,
        "checkpoint_size_GB": 9.5367431640625e-06,
        "train_au_percentage": [
            85.47795337981007,
            84.89546897724249,
            86.81214395162328,
            87.28331629587153,
            86.84049651365355
        ],
        "train_au_mean_percentage": 86.26187582364018,
        "train_au_meet_expectation": "fail",
        "train_au_stdev_percentage": 0.9124187220482525,
        "train_throughput_samples_per_second": [
            74.02242361358984,
            73.5172381783558,
            75.1772684058267,
            75.58502722932974,
            75.20161436042456
        ],
        "train_throughput_mean_samples_per_second": 74.70071435750533,
        "train_throughput_stdev_samples_per_second": 0.7900263323543222,
        "train_io_mean_MB_per_second": 10443.851124628924,
        "train_io_stdev_MB_per_second": 110.45299192398105,
        "eval_au_percentage": [
            0.0,
            0.0,
            0.0,
            0.0,
            0.0,
            0.0,
            0.0,
            0.0,
            0.0,
            0.0,
            0.0,
            0.0,
            0.0,
            0.0,
            0.0,
            0.0,
            0.0,
            0.0,
            0.0,
            0.0,
            0.0,
            0.0,
            0.0,
            0.0,
            0.0,
            0.0,
            0.0,
            0.0,
            0.0,
            0.0
        ],
        "eval_au_mean_percentage": 0.0,
        "eval_au_meet_expectation": "fail",
        "eval_au_stdev_percentage": 0.0,
        "eval_throughput_samples_per_second": [
            0.0,
            0.0,
            0.0,
            0.0,
            0.0,
            0.0,
            0.0,
            0.0,
            0.0,
            0.0,
            0.0,
            0.0,
            0.0,
            0.0,
            0.0,
            0.0,
            0.0,
            0.0,
            0.0,
            0.0,
            0.0,
            0.0,
            0.0,
            0.0,
            0.0,
            0.0,
            0.0,
            0.0,
            0.0,
            0.0
        ],
        "eval_throughput_mean_samples_per_second": 0.0,
        "eval_throughput_stdev_samples_per_second": 0.0,
        "eval_io_mean_MB_per_second": 0.0,
        "eval_io_stdev_MB_per_second": 0.0
    },
    "num_files_train": 168,
    "num_files_eval": 0,
    "num_samples_per_file": 1,
    "host_cpu_count": [
        288
    ],
    "host_processor_name": "aarch64",
    "potential_caching": [
        1
    ],
    "host_cpuinfo": {
        "BogoMIPS": "2000.00",
        "Features": "fp asimd evtstrm aes pmull sha1 sha2 crc32 atomics fphp asimdhp cpuid asimdrdm jscvt fcma lrcpc dcpop sha3 sm3 sm4 asimddp sha512 sve asimdfhm dit uscat ilrcpc flagm ssbs sb dcpodp sve2 sveaes svepmull svebitperm svesha3 svesm4 flagm2 frint svei8mm svebf16 i8mm bf16 dgh",
        "CPU implementer": "0x41",
        "CPU architecture": "8",
        "CPU variant": "0x0",
        "CPU part": "0xd4f",
        "CPU revision": "0"
    },
    "host_meminfo": {
        "MemTotal": "898883328 kB",
        "MemFree": "842202752 kB",
        "MemAvailable": "819110848 kB",
        "Buffers": "1162240 kB",
        "Cached": "28061440 kB",
        "SwapCached": "0 kB",
        "Active": "6014272 kB",
        "Inactive": "28120768 kB",
        "Active(anon)": "5183744 kB",
        "Inactive(anon)": "320 kB",
        "Active(file)": "830528 kB",
        "Inactive(file)": "28120448 kB",
        "Unevictable": "3072 kB",
        "Mlocked": "0 kB",
        "SwapTotal": "0 kB",
        "SwapFree": "0 kB",
        "Zswap": "0 kB",
        "Zswapped": "0 kB",
        "Dirty": "1152 kB",
        "Writeback": "0 kB",
        "AnonPages": "4918400 kB",
        "Mapped": "662464 kB",
        "Shmem": "272704 kB",
        "KReclaimable": "732352 kB",
        "Slab": "6948032 kB",
        "SReclaimable": "732352 kB",
        "SUnreclaim": "6215680 kB",
        "KernelStack": "237952 kB",
        "PageTables": "20288 kB",
        "SecPageTables": "0 kB",
        "NFS_Unstable": "0 kB",
        "Bounce": "0 kB",
        "WritebackTmp": "0 kB",
        "CommitLimit": "449441664 kB",
        "Committed_AS": "11640512 kB",
        "VmallocTotal": "137168158720 kB",
        "VmallocUsed": "820480 kB",
        "VmallocChunk": "0 kB",
        "Percpu": "1677312 kB",
        "HardwareCorrupted": "0 kB",
        "AnonHugePages": "0 kB",
        "ShmemHugePages": "0 kB",
        "ShmemPmdMapped": "0 kB",
        "FileHugePages": "0 kB",
        "FilePmdMapped": "0 kB",
        "CmaTotal": "0 kB",
        "CmaFree": "0 kB",
        "HugePages_Total": "0",
        "HugePages_Free": "0",
        "HugePages_Rsvd": "0",
        "HugePages_Surp": "0",
        "Hugepagesize": "524288 kB",
        "Hugetlb": "0 kB"
    },
    "host_memory_GB": [
        857.241943359375
    ],
    "data_size_per_host_GB": 22.93745568394661,
    "epochs": 5,
    "end": "2025-10-07T11:23:33.959291"
}