{
    "start": "2025-10-07T11:11:04.532103",
    "num_accelerators": 1,
    "num_hosts": 1,
    "hostname": "sdumont2nd3007",
    "metric": {
        "train_au_percentage": [
            99.94631858417416,
            99.94616309705972,
            99.94593318920279,
            99.94545572590853,
            99.94695293271756,
            99.94511470400012,
            99.94770036345962,
            99.94710680877678,
            99.94693393419224,
            99.94827421184034
        ],
        "train_au_mean_percentage": 99.94659535513318,
        "train_au_meet_expectation": "success",
        "train_au_stdev_percentage": 0.0009347021480142344,
        "train_throughput_samples_per_second": [
            3.727530869432628,
            3.7275282665958236,
            3.7275141285230413,
            3.727607713911545,
            3.727562222070646,
            3.7274872132415866,
            3.727904887543243,
            3.7275666588073033,
            3.7275590276267923,
            3.7276120915984943
        ],
        "train_throughput_mean_samples_per_second": 3.72758730793511,
        "train_throughput_stdev_samples_per_second": 0.00011215536660809333,
        "train_io_mean_MB_per_second": 0.014560887921621524,
        "train_io_stdev_MB_per_second": 4.3810690081286457e-07,
        "eval_au_percentage": [
            99.89581643789019,
            99.88224309470449,
            99.88348558757772,
            99.88459227713732,
            99.88478187504907,
            99.88400861075485,
            99.88388612207719,
            99.88379115305182,
            99.88547490969994,
            99.88939929905081
        ],
        "eval_au_mean_percentage": 99.88574793669935,
        "eval_au_meet_expectation": "success",
        "eval_au_stdev_percentage": 0.0038049084451308047,
        "eval_throughput_samples_per_second": [
            1.9169537908909933,
            1.9944530027175067,
            1.9944263295598184,
            1.9945183253299614,
            1.9945325522376651,
            1.9944876196125856,
            1.99450208319179,
            1.9945329079129581,
            1.994527809912546,
            1.9924636037450993
        ],
        "eval_throughput_mean_samples_per_second": 1.9865398025110927,
        "eval_throughput_stdev_samples_per_second": 0.023203286538205158,
        "eval_io_mean_MB_per_second": 0.007759921103558956,
        "eval_io_stdev_MB_per_second": 9.06378380398639e-05
    },
    "num_files_train": 64,
    "num_files_eval": 8,
    "num_samples_per_file": 1,
    "host_cpu_count": [
        288
    ],
    "host_processor_name": "aarch64",
    "potential_caching": [
        1
    ],
    "host_cpuinfo": {
        "BogoMIPS": "2000.00",
        "Features": "fp asimd evtstrm aes pmull sha1 sha2 crc32 atomics fphp asimdhp cpuid asimdrdm jscvt fcma lrcpc dcpop sha3 sm3 sm4 asimddp sha512 sve asimdfhm dit uscat ilrcpc flagm ssbs sb dcpodp sve2 sveaes svepmull svebitperm svesha3 svesm4 flagm2 frint svei8mm svebf16 i8mm bf16 dgh",
        "CPU implementer": "0x41",
        "CPU architecture": "8",
        "CPU variant": "0x0",
        "CPU part": "0xd4f",
        "CPU revision": "0"
    },
    "host_meminfo": {
        "MemTotal": "898883328 kB",
        "MemFree": "845662720 kB",
        "MemAvailable": "822563904 kB",
        "Buffers": "1162240 kB",
        "Cached": "28002304 kB",
        "SwapCached": "0 kB",
        "Active": "2262208 kB",
        "Inactive": "28113920 kB",
        "Active(anon)": "1434880 kB",
        "Inactive(anon)": "320 kB",
        "Active(file)": "827328 kB",
        "Inactive(file)": "28113600 kB",
        "Unevictable": "3072 kB",
        "Mlocked": "0 kB",
        "SwapTotal": "0 kB",
        "SwapFree": "0 kB",
        "Zswap": "0 kB",
        "Zswapped": "0 kB",
        "Dirty": "1032832 kB",
        "Writeback": "1600 kB",
        "AnonPages": "1215296 kB",
        "Mapped": "618752 kB",
        "Shmem": "223616 kB",
        "KReclaimable": "728640 kB",
        "Slab": "6940608 kB",
        "SReclaimable": "728640 kB",
        "SUnreclaim": "6211968 kB",
        "KernelStack": "236480 kB",
        "PageTables": "16192 kB",
        "SecPageTables": "0 kB",
        "NFS_Unstable": "0 kB",
        "Bounce": "0 kB",
        "WritebackTmp": "0 kB",
        "CommitLimit": "449441664 kB",
        "Committed_AS": "2757312 kB",
        "VmallocTotal": "137168158720 kB",
        "VmallocUsed": "818944 kB",
        "VmallocChunk": "0 kB",
        "Percpu": "1677312 kB",
        "HardwareCorrupted": "0 kB",
        "AnonHugePages": "0 kB",
        "ShmemHugePages": "0 kB",
        "ShmemPmdMapped": "0 kB",
        "FileHugePages": "0 kB",
        "FilePmdMapped": "0 kB",
        "CmaTotal": "0 kB",
        "CmaFree": "0 kB",
        "HugePages_Total": "0",
        "HugePages_Free": "0",
        "HugePages_Rsvd": "0",
        "HugePages_Surp": "0",
        "Hugepagesize": "524288 kB",
        "Hugetlb": "0 kB"
    },
    "host_memory_GB": [
        857.241943359375
    ],
    "data_size_per_host_GB": 0.000244140625,
    "epochs": 10,
    "end": "2025-10-07T11:14:25.812601"
}