{
    "start": "2025-11-30T18:52:50.149830",
    "num_accelerators": 4,
    "num_hosts": 1,
    "hostname": "sdumont2nd3007",
    "metric": {
        "save_checkpoint_io_mean_GB_per_second": 0.0016263204577187072,
        "save_checkpoint_io_stdev_GB_per_second": 0.0,
        "save_checkpoint_duration_mean_seconds": 0.005864,
        "save_checkpoint_duration_stdev_seconds": 0.0,
        "checkpoint_size_GB": 9.5367431640625e-06,
        "train_au_percentage": [
            97.0368853094403,
            98.17153813936194,
            97.35804293429183,
            97.5944692464887,
            97.5089912694832
        ],
        "train_au_mean_percentage": 97.53398537981319,
        "train_au_meet_expectation": "success",
        "train_au_stdev_percentage": 0.3711659329702047,
        "train_throughput_samples_per_second": [
            67.22442943391844,
            68.01045553961346,
            67.44655429549368,
            67.61068393883323,
            67.55145472704393
        ],
        "train_throughput_mean_samples_per_second": 67.56871558698056,
        "train_throughput_stdev_samples_per_second": 0.2571574622378865,
        "train_io_mean_MB_per_second": 9446.731699185122,
        "train_io_stdev_MB_per_second": 35.95299287696881,
        "eval_au_percentage": [
            0.0,
            0.0,
            0.0,
            0.0,
            0.0,
            0.0,
            0.0,
            0.0,
            0.0,
            0.0,
            0.0,
            0.0,
            0.0,
            0.0,
            0.0,
            0.0,
            0.0,
            0.0,
            0.0,
            0.0
        ],
        "eval_au_mean_percentage": 0.0,
        "eval_au_meet_expectation": "fail",
        "eval_au_stdev_percentage": 0.0,
        "eval_throughput_samples_per_second": [
            0.0,
            0.0,
            0.0,
            0.0,
            0.0,
            0.0,
            0.0,
            0.0,
            0.0,
            0.0,
            0.0,
            0.0,
            0.0,
            0.0,
            0.0,
            0.0,
            0.0,
            0.0,
            0.0,
            0.0
        ],
        "eval_throughput_mean_samples_per_second": 0.0,
        "eval_throughput_stdev_samples_per_second": 0.0,
        "eval_io_mean_MB_per_second": 0.0,
        "eval_io_stdev_MB_per_second": 0.0
    },
    "num_files_train": 168,
    "num_files_eval": 0,
    "num_samples_per_file": 1,
    "host_cpu_count": [
        288
    ],
    "host_processor_name": "aarch64",
    "potential_caching": [
        1
    ],
    "host_cpuinfo": {
        "BogoMIPS": "2000.00",
        "Features": "fp asimd evtstrm aes pmull sha1 sha2 crc32 atomics fphp asimdhp cpuid asimdrdm jscvt fcma lrcpc dcpop sha3 sm3 sm4 asimddp sha512 sve asimdfhm dit uscat ilrcpc flagm ssbs sb dcpodp sve2 sveaes svepmull svebitperm svesha3 svesm4 flagm2 frint svei8mm svebf16 i8mm bf16 dgh",
        "CPU implementer": "0x41",
        "CPU architecture": "8",
        "CPU variant": "0x0",
        "CPU part": "0xd4f",
        "CPU revision": "0"
    },
    "host_meminfo": {
        "MemTotal": "898883328 kB",
        "MemFree": "797948992 kB",
        "MemAvailable": "806768960 kB",
        "Buffers": "647872 kB",
        "Cached": "77248768 kB",
        "SwapCached": "0 kB",
        "Active": "5065984 kB",
        "Inactive": "76799872 kB",
        "Active(anon)": "4191232 kB",
        "Inactive(anon)": "0 kB",
        "Active(file)": "874752 kB",
        "Inactive(file)": "76799872 kB",
        "Unevictable": "3072 kB",
        "Mlocked": "0 kB",
        "SwapTotal": "0 kB",
        "SwapFree": "0 kB",
        "Zswap": "0 kB",
        "Zswapped": "0 kB",
        "Dirty": "840128 kB",
        "Writeback": "185536 kB",
        "AnonPages": "3974464 kB",
        "Mapped": "634240 kB",
        "Shmem": "222016 kB",
        "KReclaimable": "578944 kB",
        "Slab": "5460416 kB",
        "SReclaimable": "578944 kB",
        "SUnreclaim": "4881472 kB",
        "KernelStack": "240832 kB",
        "PageTables": "25472 kB",
        "SecPageTables": "0 kB",
        "NFS_Unstable": "0 kB",
        "Bounce": "0 kB",
        "WritebackTmp": "0 kB",
        "CommitLimit": "449441664 kB",
        "Committed_AS": "8418304 kB",
        "VmallocTotal": "137168158720 kB",
        "VmallocUsed": "822464 kB",
        "VmallocChunk": "0 kB",
        "Percpu": "1640448 kB",
        "HardwareCorrupted": "0 kB",
        "AnonHugePages": "0 kB",
        "ShmemHugePages": "0 kB",
        "ShmemPmdMapped": "0 kB",
        "FileHugePages": "0 kB",
        "FilePmdMapped": "0 kB",
        "CmaTotal": "0 kB",
        "CmaFree": "0 kB",
        "HugePages_Total": "0",
        "HugePages_Free": "0",
        "HugePages_Rsvd": "0",
        "HugePages_Surp": "0",
        "Hugepagesize": "524288 kB",
        "Hugetlb": "0 kB"
    },
    "host_memory_GB": [
        857.241943359375
    ],
    "data_size_per_host_GB": 22.93745568394661,
    "epochs": 5,
    "end": "2025-11-30T18:53:03.546269"
}