{
    "start": "2025-10-07T11:23:54.132748",
    "num_accelerators": 8,
    "num_hosts": 1,
    "hostname": "sdumont2nd3007",
    "metric": {
        "train_au_percentage": [
            99.9138502639154,
            99.78578883208134,
            99.85141994784658,
            99.85975378018537,
            99.83915044678345,
            99.85934437202671,
            99.83101742918747,
            99.86568047278485,
            99.85385916751278,
            99.90504118249885
        ],
        "train_au_mean_percentage": 99.85649058948228,
        "train_au_meet_expectation": "success",
        "train_au_stdev_percentage": 0.03425124159619208,
        "train_throughput_samples_per_second": [
            0.0,
            0.0,
            0.0,
            0.0,
            0.0,
            0.0,
            0.0,
            0.0,
            0.0,
            0.0
        ],
        "train_throughput_mean_samples_per_second": 0.0,
        "train_throughput_stdev_samples_per_second": 0.0,
        "train_io_mean_MB_per_second": 0.0,
        "train_io_stdev_MB_per_second": 0.0,
        "eval_au_percentage": [
            0.0,
            0.0,
            0.0,
            0.0,
            0.0,
            0.0,
            0.0,
            0.0,
            0.0,
            0.0,
            0.0,
            0.0,
            0.0,
            0.0,
            0.0,
            0.0,
            0.0,
            0.0,
            0.0,
            0.0,
            0.0,
            0.0,
            0.0,
            0.0,
            0.0,
            0.0,
            0.0,
            0.0,
            0.0,
            0.0,
            0.0,
            0.0,
            0.0,
            0.0,
            0.0,
            0.0,
            0.0,
            0.0,
            0.0,
            0.0,
            0.0,
            0.0,
            0.0,
            0.0,
            0.0,
            0.0,
            0.0,
            0.0,
            0.0,
            0.0,
            0.0,
            0.0,
            0.0,
            0.0,
            0.0,
            0.0,
            0.0,
            0.0,
            0.0,
            0.0,
            0.0,
            0.0,
            0.0,
            0.0,
            0.0,
            0.0,
            0.0,
            0.0,
            0.0,
            0.0,
            0.0,
            0.0,
            0.0,
            0.0,
            0.0,
            0.0,
            0.0,
            0.0,
            0.0,
            0.0
        ],
        "eval_au_mean_percentage": 0.0,
        "eval_au_meet_expectation": "fail",
        "eval_au_stdev_percentage": 0.0,
        "eval_throughput_samples_per_second": [
            1.5651024612568198,
            1.987780349604084,
            1.9891916091981825,
            1.9893095404999568,
            1.9893331284383349,
            1.9896671936957642,
            1.9896483169620642,
            1.989478442475559,
            1.9893501121003387,
            1.9896256653544184,
            1.5649938415948497,
            1.9875665258158786,
            1.9890208694530542,
            1.9893623782588032,
            1.9889020292538033,
            1.9894482456036333,
            1.9894529638044463,
            1.9892208548571602,
            1.9897351529029574,
            1.9894642875777064,
            1.56661067765381,
            1.9866655804110214,
            1.9890548264042354,
            1.9889397547626295,
            1.9891746282424303,
            1.9896256653544184,
            1.9893321849100596,
            1.9896030142625316,
            1.989164251134415,
            1.9894482456036333,
            1.566643446365774,
            1.9865197361160907,
            1.9889067448641415,
            1.988918062420187,
            1.9887501985524048,
            1.9895992391306925,
            1.9893501121003387,
            1.9894548510910377,
            1.9890604860088226,
            1.9892821791922126,
            1.5670678079453622,
            1.9883985307586844,
            1.989964549505439,
            1.9898607008698013,
            1.9904631738800305,
            1.990111844340312,
            1.990243106186531,
            1.9901316741564024,
            1.990103345968672,
            1.9902591609819797,
            1.5670824452037264,
            1.9884164411252845,
            1.989859756841011,
            1.9900306406447346,
            1.990210053011481,
            1.9901146771469878,
            1.9902053312189527,
            1.989926785111075,
            1.990014589535863,
            1.9902950491084181,
            1.5791676424366967,
            1.9876522381976893,
            1.9894152188245562,
            1.9896218901366212,
            1.9889991753412328,
            1.9894793861425775,
            1.989602070478229,
            1.9893123710230272,
            1.9896681375418517,
            1.9896143397440063,
            1.5791319695702166,
            1.9877860019582585,
            1.989277461801432,
            1.9895784761616537,
            1.9897370407249821,
            1.9893114275144421,
            1.9895680948396413,
            1.9891774583815889,
            1.9895822512147003,
            1.9893265237592037
        ],
        "eval_throughput_mean_samples_per_second": 1.9473440836577758,
        "eval_throughput_stdev_samples_per_second": 0.12597097504836846,
        "eval_io_mean_MB_per_second": 0.007606812826788187,
        "eval_io_stdev_MB_per_second": 0.0004920741212826893
    },
    "num_files_train": 64,
    "num_files_eval": 8,
    "num_samples_per_file": 1,
    "host_cpu_count": [
        288
    ],
    "host_processor_name": "aarch64",
    "potential_caching": [
        1
    ],
    "host_cpuinfo": {
        "BogoMIPS": "2000.00",
        "Features": "fp asimd evtstrm aes pmull sha1 sha2 crc32 atomics fphp asimdhp cpuid asimdrdm jscvt fcma lrcpc dcpop sha3 sm3 sm4 asimddp sha512 sve asimdfhm dit uscat ilrcpc flagm ssbs sb dcpodp sve2 sveaes svepmull svebitperm svesha3 svesm4 flagm2 frint svei8mm svebf16 i8mm bf16 dgh",
        "CPU implementer": "0x41",
        "CPU architecture": "8",
        "CPU variant": "0x0",
        "CPU part": "0xd4f",
        "CPU revision": "0"
    },
    "host_meminfo": {
        "MemTotal": "898883328 kB",
        "MemFree": "840748544 kB",
        "MemAvailable": "817658176 kB",
        "Buffers": "1162240 kB",
        "Cached": "28083072 kB",
        "SwapCached": "0 kB",
        "Active": "7557824 kB",
        "Inactive": "28121920 kB",
        "Active(anon)": "6727296 kB",
        "Inactive(anon)": "320 kB",
        "Active(file)": "830528 kB",
        "Inactive(file)": "28121600 kB",
        "Unevictable": "3072 kB",
        "Mlocked": "0 kB",
        "SwapTotal": "0 kB",
        "SwapFree": "0 kB",
        "Zswap": "0 kB",
        "Zswapped": "0 kB",
        "Dirty": "1088 kB",
        "Writeback": "0 kB",
        "AnonPages": "6439872 kB",
        "Mapped": "679808 kB",
        "Shmem": "293184 kB",
        "KReclaimable": "734272 kB",
        "Slab": "6950784 kB",
        "SReclaimable": "734272 kB",
        "SUnreclaim": "6216512 kB",
        "KernelStack": "238656 kB",
        "PageTables": "21504 kB",
        "SecPageTables": "0 kB",
        "NFS_Unstable": "0 kB",
        "Bounce": "0 kB",
        "WritebackTmp": "0 kB",
        "CommitLimit": "449441664 kB",
        "Committed_AS": "12090944 kB",
        "VmallocTotal": "137168158720 kB",
        "VmallocUsed": "820992 kB",
        "VmallocChunk": "0 kB",
        "Percpu": "1677312 kB",
        "HardwareCorrupted": "0 kB",
        "AnonHugePages": "0 kB",
        "ShmemHugePages": "0 kB",
        "ShmemPmdMapped": "0 kB",
        "FileHugePages": "0 kB",
        "FilePmdMapped": "0 kB",
        "CmaTotal": "0 kB",
        "CmaFree": "0 kB",
        "HugePages_Total": "0",
        "HugePages_Free": "0",
        "HugePages_Rsvd": "0",
        "HugePages_Surp": "0",
        "Hugepagesize": "524288 kB",
        "Hugetlb": "0 kB"
    },