{
    "start": "2025-11-30T18:53:46.866101",
    "num_accelerators": 4,
    "num_hosts": 1,
    "hostname": "sdumont2nd3007",
    "metric": {
        "save_checkpoint_io_mean_GB_per_second": 0.0014737665220309842,
        "save_checkpoint_io_stdev_GB_per_second": 0.0,
        "save_checkpoint_duration_mean_seconds": 0.006471,
        "save_checkpoint_duration_stdev_seconds": 0.0,
        "checkpoint_size_GB": 9.5367431640625e-06,
        "train_au_percentage": [
            73.46147742863579,
            72.32780135188855,
            73.14349632493045,
            72.50700483846452,
            72.89032425328234
        ],
        "train_au_mean_percentage": 72.86602083944034,
        "train_au_meet_expectation": "fail",
        "train_au_stdev_percentage": 0.41248625585001053,
        "train_throughput_samples_per_second": [
            50.89099076897773,
            50.10585831626635,
            50.66755475088077,
            50.22997819791676,
            50.4956399831496
        ],
        "train_throughput_mean_samples_per_second": 50.47800440343824,
        "train_throughput_stdev_samples_per_second": 0.2852394765216024,
        "train_io_mean_MB_per_second": 504.7800440343824,
        "train_io_stdev_MB_per_second": 2.852394765216024,
        "eval_au_percentage": [
            0.0,
            0.0,
            0.0,
            0.0,
            0.0,
            0.0,
            0.0,
            0.0,
            0.0,
            0.0,
            0.0,
            0.0,
            0.0,
            0.0,
            0.0,
            0.0,
            0.0,
            0.0,
            0.0,
            0.0
        ],
        "eval_au_mean_percentage": 0.0,
        "eval_au_meet_expectation": "fail",
        "eval_au_stdev_percentage": 0.0,
        "eval_throughput_samples_per_second": [
            0.0,
            0.0,
            0.0,
            0.0,
            0.0,
            0.0,
            0.0,
            0.0,
            0.0,
            0.0,
            0.0,
            0.0,
            0.0,
            0.0,
            0.0,
            0.0,
            0.0,
            0.0,
            0.0,
            0.0
        ],
        "eval_throughput_mean_samples_per_second": 0.0,
        "eval_throughput_stdev_samples_per_second": 0.0,
        "eval_io_mean_MB_per_second": 0.0,
        "eval_io_stdev_MB_per_second": 0.0
    },
    "num_files_train": 168,
    "num_files_eval": 0,
    "num_samples_per_file": 1,
    "host_cpu_count": [
        288
    ],
    "host_processor_name": "aarch64",
    "potential_caching": [
        1
    ],
    "host_cpuinfo": {
        "BogoMIPS": "2000.00",
        "Features": "fp asimd evtstrm aes pmull sha1 sha2 crc32 atomics fphp asimdhp cpuid asimdrdm jscvt fcma lrcpc dcpop sha3 sm3 sm4 asimddp sha512 sve asimdfhm dit uscat ilrcpc flagm ssbs sb dcpodp sve2 sveaes svepmull svebitperm svesha3 svesm4 flagm2 frint svei8mm svebf16 i8mm bf16 dgh",
        "CPU implementer": "0x41",
        "CPU architecture": "8",
        "CPU variant": "0x0",
        "CPU part": "0xd4f",
        "CPU revision": "0"
    },
    "host_meminfo": {
        "MemTotal": "898883328 kB",
        "MemFree": "815498112 kB",
        "MemAvailable": "807893440 kB",
        "Buffers": "648064 kB",
        "Cached": "59658816 kB",
        "SwapCached": "0 kB",
        "Active": "5060032 kB",
        "Inactive": "59208064 kB",
        "Active(anon)": "4185280 kB",
        "Inactive(anon)": "0 kB",
        "Active(file)": "874752 kB",
        "Inactive(file)": "59208064 kB",
        "Unevictable": "3072 kB",
        "Mlocked": "0 kB",
        "SwapTotal": "0 kB",
        "SwapFree": "0 kB",
        "Zswap": "0 kB",
        "Zswapped": "0 kB",
        "Dirty": "410560 kB",
        "Writeback": "0 kB",
        "AnonPages": "3965248 kB",
        "Mapped": "634304 kB",
        "Shmem": "224064 kB",
        "KReclaimable": "575104 kB",
        "Slab": "5378176 kB",
        "SReclaimable": "575104 kB",
        "SUnreclaim": "4803072 kB",
        "KernelStack": "241024 kB",
        "PageTables": "25536 kB",
        "SecPageTables": "0 kB",
        "NFS_Unstable": "0 kB",
        "Bounce": "0 kB",
        "WritebackTmp": "0 kB",
        "CommitLimit": "449441664 kB",
        "Committed_AS": "8420480 kB",
        "VmallocTotal": "137168158720 kB",
        "VmallocUsed": "822528 kB",
        "VmallocChunk": "0 kB",
        "Percpu": "1640448 kB",
        "HardwareCorrupted": "0 kB",
        "AnonHugePages": "0 kB",
        "ShmemHugePages": "0 kB",
        "ShmemPmdMapped": "0 kB",
        "FileHugePages": "0 kB",
        "FilePmdMapped": "0 kB",
        "CmaTotal": "0 kB",
        "CmaFree": "0 kB",
        "HugePages_Total": "0",
        "HugePages_Free": "0",
        "HugePages_Rsvd": "0",
        "HugePages_Surp": "0",
        "Hugepagesize": "524288 kB",
        "Hugetlb": "0 kB"
    },
    "host_memory_GB": [
        857.241943359375
    ],
    "data_size_per_host_GB": 1.640625,
    "epochs": 5,
    "end": "2025-11-30T18:54:04.113258"
}