{
    "start": "2025-10-07T11:22:21.559699",
    "num_accelerators": 6,
    "num_hosts": 1,
    "hostname": "sdumont2nd3007",
    "metric": {
        "train_au_percentage": [
            99.91775720921432,
            99.78820905846408,
            99.87186264823193,
            99.83758268824748,
            99.87739303804237,
            99.88088274133095,
            99.84940234225333,
            99.91333274464942,
            99.92258202865905,
            99.90711791897424
        ],
        "train_au_mean_percentage": 99.87661224180671,
        "train_au_meet_expectation": "success",
        "train_au_stdev_percentage": 0.040255849603028714,
        "train_throughput_samples_per_second": [
            0.0,
            0.0,
            0.0,
            0.0,
            0.0,
            0.0,
            0.0,
            0.0,
            0.0,
            0.0
        ],
        "train_throughput_mean_samples_per_second": 0.0,
        "train_throughput_stdev_samples_per_second": 0.0,
        "train_io_mean_MB_per_second": 0.0,
        "train_io_stdev_MB_per_second": 0.0,
        "eval_au_percentage": [
            0.0,
            0.0,
            0.0,
            0.0,
            0.0,
            0.0,
            0.0,
            0.0,
            0.0,
            0.0,
            0.0,
            0.0,
            0.0,
            0.0,
            0.0,
            0.0,
            0.0,
            0.0,
            0.0,
            0.0,
            0.0,
            0.0,
            0.0,
            0.0,
            0.0,
            0.0,
            0.0,
            0.0,
            0.0,
            0.0,
            0.0,
            0.0,
            0.0,
            0.0,
            0.0,
            0.0,
            0.0,
            0.0,
            0.0,
            0.0,
            0.0,
            0.0,
            0.0,
            0.0,
            0.0,
            0.0,
            0.0,
            0.0,
            0.0,
            0.0,
            0.0,
            0.0,
            0.0,
            0.0,
            0.0,
            0.0,
            0.0,
            0.0,
            0.0,
            0.0
        ],
        "eval_au_mean_percentage": 0.0,
        "eval_au_meet_expectation": "fail",
        "eval_au_stdev_percentage": 0.0,
        "eval_throughput_samples_per_second": [
            1.4790226040618337,
            1.9827502828074353,
            1.9836439271978827,
            1.9844660782146588,
            1.9840295775893755,
            1.9841684859867021,
            1.9840905822604693,
            1.9839995458985413,
            1.9840305160943636,
            1.9841074765249889,
            1.4788374796427777,
            1.9829855716815765,
            1.9838512777507387,
            1.9841393886985101,
            1.9844444833461157,
            1.9843797015603266,
            1.9844473000414462,
            1.9842154188950414,
            1.9842135415360787,
            1.983575445361754,
            1.4832072722103384,
            1.9824719453758435,
            1.982964009022447,
            1.9840849509028966,
            1.9834713245071947,
            1.9836382983754641,
            1.983690835293706,
            1.9835820119081962,
            1.9837349309266643,
            1.983724610496425,
            1.4832355956400136,
            1.9826603066046544,
            1.983222791885925,
            1.984155345170228,
            1.9834525651550519,
            1.983810930128943,
            1.9832668667127535,
            1.9836767626320169,
            1.9839413620846809,
            1.9836739481236392,
            0.0,
            0.0,
            0.0,
            0.0,
            0.0,
            0.0,
            0.0,
            0.0,
            0.0,
            0.0,
            0.0,
            0.0,
            0.0,
            0.0,
            0.0,
            0.0,
            0.0,
            0.0,
            0.0,
            0.0
        ],
        "eval_throughput_mean_samples_per_second": 1.288984422471795,
        "eval_throughput_stdev_samples_per_second": 0.9197289646010801,
        "eval_io_mean_MB_per_second": 0.005035095400280449,
        "eval_io_stdev_MB_per_second": 0.003592691267972969
    },
    "num_files_train": 64,
    "num_files_eval": 8,
    "num_samples_per_file": 1,
    "host_cpu_count": [
        288
    ],
    "host_processor_name": "aarch64",
    "potential_caching": [
        1
    ],
    "host_cpuinfo": {
        "BogoMIPS": "2000.00",
        "Features": "fp asimd evtstrm aes pmull sha1 sha2 crc32 atomics fphp asimdhp cpuid asimdrdm jscvt fcma lrcpc dcpop sha3 sm3 sm4 asimddp sha512 sve asimdfhm dit uscat ilrcpc flagm ssbs sb dcpodp sve2 sveaes svepmull svebitperm svesha3 svesm4 flagm2 frint svei8mm svebf16 i8mm bf16 dgh",
        "CPU implementer": "0x41",
        "CPU architecture": "8",
        "CPU variant": "0x0",
        "CPU part": "0xd4f",
        "CPU revision": "0"
    },
    "host_meminfo": {
        "MemTotal": "898883328 kB",
        "MemFree": "842210816 kB",
        "MemAvailable": "819118336 kB",
        "Buffers": "1162240 kB",
        "Cached": "28059520 kB",
        "SwapCached": "0 kB",
        "Active": "6015040 kB",
        "Inactive": "28119616 kB",
        "Active(anon)": "5184512 kB",
        "Inactive(anon)": "320 kB",
        "Active(file)": "830528 kB",
        "Inactive(file)": "28119296 kB",
        "Unevictable": "3072 kB",
        "Mlocked": "0 kB",
        "SwapTotal": "0 kB",
        "SwapFree": "0 kB",
        "Zswap": "0 kB",
        "Zswapped": "0 kB",
        "Dirty": "1024 kB",
        "Writeback": "0 kB",
        "AnonPages": "4917888 kB",
        "Mapped": "662464 kB",
        "Shmem": "271936 kB",
        "KReclaimable": "732352 kB",
        "Slab": "6948032 kB",
        "SReclaimable": "732352 kB",
        "SUnreclaim": "6215680 kB",
        "KernelStack": "237824 kB",
        "PageTables": "20480 kB",
        "SecPageTables": "0 kB",
        "NFS_Unstable": "0 kB",
        "Bounce": "0 kB",
        "WritebackTmp": "0 kB",
        "CommitLimit": "449441664 kB",
        "Committed_AS": "11376448 kB",
        "VmallocTotal": "137168158720 kB",
        "VmallocUsed": "820672 kB",
        "VmallocChunk": "0 kB",
        "Percpu": "1677312 kB",
        "HardwareCorrupted": "0 kB",
        "AnonHugePages": "0 kB",
        "ShmemHugePages": "0 kB",
        "ShmemPmdMapped": "0 kB",
        "FileHugePages": "0 kB",
        "FilePmdMapped": "0 kB",
        "CmaTotal": "0 kB",
        "CmaFree": "0 kB",
        "HugePages_Total": "0",
        "HugePages_Free": "0",
        "HugePages_Rsvd": "0",
        "HugePages_Surp": "0",
        "Hugepagesize": "524288 kB",
        "Hugetlb": "0 kB"
    },
    "host_memory_GB": [
        857.241943359375
    ],
    "data_size_per_host_GB": 0.000244140625,
    "epochs": 10,
    "end": "2025-10-07T11:22:47.097627"
}