{
    "start": "2025-10-07T11:20:21.144295",
    "num_accelerators": 4,
    "num_hosts": 1,
    "hostname": "sdumont2nd3007",
    "metric": {
        "train_au_percentage": [
            99.93110254021244,
            99.91315900670536,
            99.93699986681501,
            99.93696662019649,
            99.94169410566577,
            99.93997527714103,
            99.93982268975586,
            99.9325422038217,
            99.94116687821221,
            99.93648061032788
        ],
        "train_au_mean_percentage": 99.93499097988538,
        "train_au_meet_expectation": "success",
        "train_au_stdev_percentage": 0.007994820543326425,
        "train_throughput_samples_per_second": [
            10.648620884223881,
            10.646675653520898,
            10.649234083392926,
            10.64921785464552,
            10.649728801731037,
            10.649550505687362,
            10.649523465413225,
            10.64872546758735,
            10.649654019577518,
            10.649167123975555
        ],
        "train_throughput_mean_samples_per_second": 10.649009785975528,
        "train_throughput_stdev_samples_per_second": 0.0008536321189637221,
        "train_io_mean_MB_per_second": 0.041597694476466905,
        "train_io_stdev_MB_per_second": 3.3345004647020395e-06,
        "eval_au_percentage": [
            24.963731476892313,
            24.969194479650753,
            24.970263696779156,
            24.96995472512499,
            24.96926581454631,
            24.970513130994018,
            24.969443890704994,
            24.970916940685782,
            24.970596323684045,
            24.971439949907502,
            24.968339149319803,
            24.975194494200863,
            24.974612308295566,
            24.975253932721152,
            24.975824489601674,
            24.97431529257249,
            24.97575313983752,
            24.9754203407269,
            24.97500449704908,
            24.975634281994164,
            24.968968832766627,
            24.974125255178517,
            24.973411962546912,
            24.97481448135201,
            24.97378018371954,
            24.974517182699664,
            24.974148838922403,
            24.97373264784427,
            24.97400638978852,
            24.97506385129299,
            24.9675311546302,
            24.974659690348556,
            24.97467175595041,
            24.974885694815626,
            24.974612163319694,
            24.974089331609445,
            24.974861936951406,
            24.974897400560394,
            24.97525389739219,
            24.976121617705076
        ],
        "eval_au_mean_percentage": 24.97297066561709,
        "eval_au_meet_expectation": "fail",
        "eval_au_stdev_percentage": 0.0028568777558020805,
        "eval_throughput_samples_per_second": [
            1.833816420474034,
            1.9903512449589371,
            1.9906606150666994,
            1.990573225977993,
            1.9905722812730102,
            1.9906998245567822,
            1.990649277670701,
            1.9907310042899184,
            1.9907687992153313,
            1.9910707377013772,
            1.8336977656433926,
            1.990691321162709,
            1.9910905866313227,
            1.9907395080230148,
            1.9908543155308607,
            1.9910201719776863,
            1.991260263872711,
            1.990691793571585,
            1.991002214675148,
            1.991103346866696,
            1.8308342700001092,
            1.9902667162694647,
            1.9905458298975494,
            1.9904542002112273,
            1.9904825383884002,
            1.9906691181984468,
            1.9906601426726211,
            1.990162836094401,
            1.9906010951783866,
            1.986213532786367,
            1.8349777228675728,
            1.9902275238386495,
            1.9906048741130966,
            1.9905770048068903,
            1.9905864519419032,
            1.9906856522736858,
            1.990745649653211,
            1.9902454671696173,
            1.9906488052820035,
            1.9858204515685969
        ],
        "eval_throughput_mean_samples_per_second": 1.9747013650588028,
        "eval_throughput_stdev_samples_per_second": 0.047137184260172195,
        "eval_io_mean_MB_per_second": 0.007713677207260948,
        "eval_io_stdev_MB_per_second": 0.00018412962601629764
    },
    "num_files_train": 64,
    "num_files_eval": 8,
    "num_samples_per_file": 1,
    "host_cpu_count": [
        288
    ],
    "host_processor_name": "aarch64",
    "potential_caching": [
        1
    ],
    "host_cpuinfo": {
        "BogoMIPS": "2000.00",
        "Features": "fp asimd evtstrm aes pmull sha1 sha2 crc32 atomics fphp asimdhp cpuid asimdrdm jscvt fcma lrcpc dcpop sha3 sm3 sm4 asimddp sha512 sve asimdfhm dit uscat ilrcpc flagm ssbs sb dcpodp sve2 sveaes svepmull svebitperm svesha3 svesm4 flagm2 frint svei8mm svebf16 i8mm bf16 dgh",
        "CPU implementer": "0x41",
        "CPU architecture": "8",
        "CPU variant": "0x0",
        "CPU part": "0xd4f",
        "CPU revision": "0"
    },
    "host_meminfo": {
        "MemTotal": "898883328 kB",
        "MemFree": "843631104 kB",
        "MemAvailable": "820536768 kB",
        "Buffers": "1162240 kB",
        "Cached": "28037824 kB",
        "SwapCached": "0 kB",
        "Active": "4507840 kB",
        "Inactive": "28117888 kB",
        "Active(anon)": "3677312 kB",
        "Inactive(anon)": "320 kB",
        "Active(file)": "830528 kB",
        "Inactive(file)": "28117568 kB",
        "Unevictable": "3072 kB",
        "Mlocked": "0 kB",
        "SwapTotal": "0 kB",
        "SwapFree": "0 kB",
        "Zswap": "0 kB",
        "Zswapped": "0 kB",
        "Dirty": "1024 kB",
        "Writeback": "0 kB",
        "AnonPages": "3429120 kB",
        "Mapped": "645184 kB",
        "Shmem": "251968 kB",
        "KReclaimable": "730432 kB",
        "Slab": "6945536 kB",
        "SReclaimable": "730432 kB",
        "SUnreclaim": "6215104 kB",
        "KernelStack": "237248 kB",
        "PageTables": "18624 kB",
        "SecPageTables": "0 kB",
        "NFS_Unstable": "0 kB",
        "Bounce": "0 kB",
        "WritebackTmp": "0 kB",
        "CommitLimit": "449441664 kB",
        "Committed_AS": "6313408 kB",
        "VmallocTotal": "137168158720 kB",
        "VmallocUsed": "820224 kB",
        "VmallocChunk": "0 kB",
        "Percpu": "1677312 kB",
        "HardwareCorrupted": "0 kB",
        "AnonHugePages": "0 kB",
        "ShmemHugePages": "0 kB",
        "ShmemPmdMapped": "0 kB",
        "FileHugePages": "0 kB",
        "FilePmdMapped": "0 kB",
        "CmaTotal": "0 kB",
        "CmaFree": "0 kB",
        "HugePages_Total": "0",
        "HugePages_Free": "0",
        "HugePages_Rsvd": "0",
        "HugePages_Surp": "0",
        "Hugepagesize": "524288 kB",
        "Hugetlb": "0 kB"
    },
    "host_memory_GB": [
        857.241943359375
    ],
    "data_size_per_host_GB": 0.000244140625,
    "epochs": 10,
    "end": "2025-10-07T11:21:11.633293"
}