{
    "start": "2025-11-30T18:40:40.604027",
    "num_accelerators": 4,
    "num_hosts": 1,
    "hostname": "sdumont2nd3007",
    "metric": {
        "save_checkpoint_io_mean_GB_per_second": 0.0015013764427050536,
        "save_checkpoint_io_stdev_GB_per_second": 0.0,
        "save_checkpoint_duration_mean_seconds": 0.006352,
        "save_checkpoint_duration_stdev_seconds": 0.0,
        "checkpoint_size_GB": 9.5367431640625e-06,
        "train_au_percentage": [
            80.11641611113382,
            80.07117679300818,
            81.18181009043917,
            81.57391757957838,
            81.42756666244465
        ],
        "train_au_mean_percentage": 80.87417744732083,
        "train_au_meet_expectation": "fail",
        "train_au_stdev_percentage": 0.6495423023430604,
        "train_throughput_samples_per_second": [
            55.5034204822322,
            55.47207533723472,
            56.24131159165822,
            56.513095992875755,
            56.41177977789574
        ],
        "train_throughput_mean_samples_per_second": 56.02833663637932,
        "train_throughput_stdev_samples_per_second": 0.4499649341612089,
        "train_io_mean_MB_per_second": 7833.279930771461,
        "train_io_stdev_MB_per_second": 62.909261632930644,
        "eval_au_percentage": [
            0.0,
            0.0,
            0.0,
            0.0,
            0.0,
            0.0,
            0.0,
            0.0,
            0.0,
            0.0,
            0.0,
            0.0,
            0.0,
            0.0,
            0.0,
            0.0,
            0.0,
            0.0,
            0.0,
            0.0
        ],
        "eval_au_mean_percentage": 0.0,
        "eval_au_meet_expectation": "fail",
        "eval_au_stdev_percentage": 0.0,
        "eval_throughput_samples_per_second": [
            0.0,
            0.0,
            0.0,
            0.0,
            0.0,
            0.0,
            0.0,
            0.0,
            0.0,
            0.0,
            0.0,
            0.0,
            0.0,
            0.0,
            0.0,
            0.0,
            0.0,
            0.0,
            0.0,
            0.0
        ],
        "eval_throughput_mean_samples_per_second": 0.0,
        "eval_throughput_stdev_samples_per_second": 0.0,
        "eval_io_mean_MB_per_second": 0.0,
        "eval_io_stdev_MB_per_second": 0.0
    },
    "num_files_train": 168,
    "num_files_eval": 0,
    "num_samples_per_file": 1,
    "host_cpu_count": [
        288
    ],
    "host_processor_name": "aarch64",
    "potential_caching": [
        1
    ],
    "host_cpuinfo": {
        "BogoMIPS": "2000.00",
        "Features": "fp asimd evtstrm aes pmull sha1 sha2 crc32 atomics fphp asimdhp cpuid asimdrdm jscvt fcma lrcpc dcpop sha3 sm3 sm4 asimddp sha512 sve asimdfhm dit uscat ilrcpc flagm ssbs sb dcpodp sve2 sveaes svepmull svebitperm svesha3 svesm4 flagm2 frint svei8mm svebf16 i8mm bf16 dgh",
        "CPU implementer": "0x41",
        "CPU architecture": "8",
        "CPU variant": "0x0",
        "CPU part": "0xd4f",
        "CPU revision": "0"
    },
    "host_meminfo": {
        "MemTotal": "898883328 kB",
        "MemFree": "847601024 kB",
        "MemAvailable": "824077504 kB",
        "Buffers": "645888 kB",
        "Cached": "27810240 kB",
        "SwapCached": "0 kB",
        "Active": "5028544 kB",
        "Inactive": "27382016 kB",
        "Active(anon)": "4153984 kB",
        "Inactive(anon)": "0 kB",
        "Active(file)": "874560 kB",
        "Inactive(file)": "27382016 kB",
        "Unevictable": "3072 kB",
        "Mlocked": "0 kB",
        "SwapTotal": "0 kB",
        "SwapFree": "0 kB",
        "Zswap": "0 kB",
        "Zswapped": "0 kB",
        "Dirty": "1472 kB",
        "Writeback": "0 kB",
        "AnonPages": "3959488 kB",
        "Mapped": "634240 kB",
        "Shmem": "199488 kB",
        "KReclaimable": "563520 kB",
        "Slab": "5215040 kB",
        "SReclaimable": "563520 kB",
        "SUnreclaim": "4651520 kB",
        "KernelStack": "240768 kB",
        "PageTables": "25344 kB",
        "SecPageTables": "0 kB",
        "NFS_Unstable": "0 kB",
        "Bounce": "0 kB",
        "WritebackTmp": "0 kB",
        "CommitLimit": "449441664 kB",
        "Committed_AS": "8396032 kB",
        "VmallocTotal": "137168158720 kB",
        "VmallocUsed": "822976 kB",
        "VmallocChunk": "0 kB",
        "Percpu": "1640448 kB",
        "HardwareCorrupted": "0 kB",
        "AnonHugePages": "0 kB",
        "ShmemHugePages": "0 kB",
        "ShmemPmdMapped": "0 kB",
        "FileHugePages": "0 kB",
        "FilePmdMapped": "0 kB",
        "CmaTotal": "0 kB",
        "CmaFree": "0 kB",
        "HugePages_Total": "0",
        "HugePages_Free": "0",
        "HugePages_Rsvd": "0",
        "HugePages_Surp": "0",
        "Hugepagesize": "524288 kB",
        "Hugetlb": "0 kB"
    },
    "host_memory_GB": [
        857.241943359375
    ],
    "data_size_per_host_GB": 22.93745568394661,
    "epochs": 5,
    "end": "2025-11-30T18:41:24.539122"
}