{
    "start": "2025-11-30T18:43:33.436057",
    "num_accelerators": 4,
    "num_hosts": 1,
    "hostname": "sdumont2nd3007",
    "metric": {
        "save_checkpoint_io_mean_GB_per_second": 0.001485011392722283,
        "save_checkpoint_io_stdev_GB_per_second": 0.0,
        "save_checkpoint_duration_mean_seconds": 0.006422,
        "save_checkpoint_duration_stdev_seconds": 0.0,
        "checkpoint_size_GB": 9.5367431640625e-06,
        "train_au_percentage": [
            56.50609892307541,
            57.177897793763385,
            57.29075999813694,
            57.85496606515634,
            57.11383420913379
        ],
        "train_au_mean_percentage": 57.18871139785317,
        "train_au_meet_expectation": "fail",
        "train_au_stdev_percentage": 0.43034695692412567,
        "train_throughput_samples_per_second": [
            39.14273326417937,
            39.60939411311183,
            39.68708192799526,
            40.07837530035307,
            39.56461418789379
        ],
        "train_throughput_mean_samples_per_second": 39.61643975870666,
        "train_throughput_stdev_samples_per_second": 0.29849895630880385,
        "train_io_mean_MB_per_second": 5538.744876623693,
        "train_io_stdev_MB_per_second": 41.73291630956193,
        "eval_au_percentage": [
            0.0,
            0.0,
            0.0,
            0.0,
            0.0,
            0.0,
            0.0,
            0.0,
            0.0,
            0.0,
            0.0,
            0.0,
            0.0,
            0.0,
            0.0,
            0.0,
            0.0,
            0.0,
            0.0,
            0.0
        ],
        "eval_au_mean_percentage": 0.0,
        "eval_au_meet_expectation": "fail",
        "eval_au_stdev_percentage": 0.0,
        "eval_throughput_samples_per_second": [
            0.0,
            0.0,
            0.0,
            0.0,
            0.0,
            0.0,
            0.0,
            0.0,
            0.0,
            0.0,
            0.0,
            0.0,
            0.0,
            0.0,
            0.0,
            0.0,
            0.0,
            0.0,
            0.0,
            0.0
        ],
        "eval_throughput_mean_samples_per_second": 0.0,
        "eval_throughput_stdev_samples_per_second": 0.0,
        "eval_io_mean_MB_per_second": 0.0,
        "eval_io_stdev_MB_per_second": 0.0
    },
    "num_files_train": 168,
    "num_files_eval": 0,
    "num_samples_per_file": 1,
    "host_cpu_count": [
        288
    ],
    "host_processor_name": "aarch64",
    "potential_caching": [
        1
    ],
    "host_cpuinfo": {
        "BogoMIPS": "2000.00",
        "Features": "fp asimd evtstrm aes pmull sha1 sha2 crc32 atomics fphp asimdhp cpuid asimdrdm jscvt fcma lrcpc dcpop sha3 sm3 sm4 asimddp sha512 sve asimdfhm dit uscat ilrcpc flagm ssbs sb dcpodp sve2 sveaes svepmull svebitperm svesha3 svesm4 flagm2 frint svei8mm svebf16 i8mm bf16 dgh",
        "CPU implementer": "0x41",
        "CPU architecture": "8",
        "CPU variant": "0x0",
        "CPU part": "0xd4f",
        "CPU revision": "0"
    },
    "host_meminfo": {
        "MemTotal": "898883328 kB",
        "MemFree": "847643584 kB",
        "MemAvailable": "824121856 kB",
        "Buffers": "646656 kB",
        "Cached": "27826880 kB",
        "SwapCached": "0 kB",
        "Active": "5045312 kB",
        "Inactive": "27385152 kB",
        "Active(anon)": "4170752 kB",
        "Inactive(anon)": "0 kB",
        "Active(file)": "874560 kB",
        "Inactive(file)": "27385152 kB",
        "Unevictable": "3072 kB",
        "Mlocked": "0 kB",
        "SwapTotal": "0 kB",
        "SwapFree": "0 kB",
        "Zswap": "0 kB",
        "Zswapped": "0 kB",
        "Dirty": "1152 kB",
        "Writeback": "0 kB",
        "AnonPages": "3962368 kB",
        "Mapped": "634240 kB",
        "Shmem": "213824 kB",
        "KReclaimable": "564032 kB",
        "Slab": "5222400 kB",
        "SReclaimable": "564032 kB",
        "SUnreclaim": "4658368 kB",
        "KernelStack": "240896 kB",
        "PageTables": "25152 kB",
        "SecPageTables": "0 kB",
        "NFS_Unstable": "0 kB",
        "Bounce": "0 kB",
        "WritebackTmp": "0 kB",
        "CommitLimit": "449441664 kB",
        "Committed_AS": "8410240 kB",
        "VmallocTotal": "137168158720 kB",
        "VmallocUsed": "822912 kB",
        "VmallocChunk": "0 kB",
        "Percpu": "1640448 kB",
        "HardwareCorrupted": "0 kB",
        "AnonHugePages": "0 kB",
        "ShmemHugePages": "0 kB",
        "ShmemPmdMapped": "0 kB",
        "FileHugePages": "0 kB",
        "FilePmdMapped": "0 kB",
        "CmaTotal": "0 kB",
        "CmaFree": "0 kB",
        "HugePages_Total": "0",
        "HugePages_Free": "0",
        "HugePages_Rsvd": "0",
        "HugePages_Surp": "0",
        "Hugepagesize": "524288 kB",
        "Hugetlb": "0 kB"
    },
    "host_memory_GB": [
        857.241943359375
    ],
    "data_size_per_host_GB": 22.93745568394661,
    "epochs": 5,
    "end": "2025-11-30T18:44:10.698751"
}